Case,Checking_status,Credit_history,Credit_amount,Saving_status,Employment,Personal_status,Age,Job,Class
1,137.5,147,1169,92,127,274.5,67,314.5,1
2,135,265.5,5951,302,170,155.5,22,314.5,0
3,197.5,147,2096,302,87.5,274.5,49,101.5,1
4,137.5,265.5,7882,302,87.5,274.5,45,314.5,1
5,137.5,44.5,4870,302,170,274.5,53,314.5,0
6,197.5,265.5,9055,92,170,274.5,35,101.5,1
7,197.5,265.5,2835,32,127,274.5,53,314.5,1
8,135,265.5,6948,302,170,274.5,35,74.5,1
9,197.5,265.5,3059,24.5,87.5,25.5,61,101.5,1
10,135,147,5234,302,31.5,46.5,28,74.5,0
11,135,265.5,1295,302,86.5,155.5,25,314.5,0
12,137.5,265.5,4308,302,86.5,155.5,24,314.5,0
13,135,265.5,1567,302,170,155.5,22,314.5,1
14,137.5,147,1199,302,127,274.5,60,101.5,0
15,137.5,265.5,1403,302,170,155.5,28,314.5,1
16,137.5,265.5,1282,52,170,155.5,32,101.5,0
17,197.5,147,2424,92,127,274.5,53,314.5,1
18,137.5,20.5,8072,92,86.5,274.5,25,314.5,1
19,135,265.5,12579,302,127,155.5,44,74.5,0
20,197.5,265.5,3430,32,127,274.5,31,314.5,1
21,197.5,147,2134,302,170,274.5,48,314.5,1
22,137.5,265.5,2647,32,170,274.5,44,314.5,1
23,137.5,147,2241,302,86.5,274.5,48,101.5,1
24,135,147,1804,52,86.5,274.5,44,314.5,1
25,197.5,147,2069,92,170,46.5,26,314.5,1
26,137.5,265.5,1374,302,170,274.5,60,101.5,1
27,197.5,20.5,426,302,127,46.5,39,101.5,1
28,32,25,409,24.5,170,155.5,42,314.5,1
29,135,265.5,2415,302,170,274.5,34,314.5,1
30,137.5,44.5,6836,302,127,274.5,63,314.5,0
31,135,265.5,1913,24.5,86.5,46.5,36,314.5,1
32,137.5,265.5,4020,302,170,274.5,27,314.5,1
33,135,265.5,5866,52,170,274.5,30,314.5,1
34,197.5,147,1264,92,127,274.5,57,101.5,1
35,32,265.5,1474,302,86.5,155.5,33,74.5,1
36,135,147,4746,302,86.5,274.5,25,101.5,0
37,197.5,147,6110,302,170,274.5,31,314.5,1
38,32,265.5,2100,302,170,274.5,37,314.5,0
39,32,265.5,1225,302,170,274.5,37,314.5,1
40,135,265.5,458,302,170,274.5,24,314.5,1
41,197.5,265.5,2333,32,127,274.5,30,74.5,1
42,135,265.5,1158,32,170,25.5,26,314.5,1
43,135,44.5,6204,302,170,274.5,44,101.5,1
44,137.5,147,6187,52,87.5,46.5,24,314.5,1
45,137.5,147,6143,302,127,155.5,58,101.5,0
46,197.5,147,1393,302,86.5,155.5,35,74.5,1
47,197.5,265.5,2299,32,127,274.5,39,314.5,1
48,137.5,265.5,1352,32,31.5,155.5,23,11.5,1
49,197.5,147,7228,302,170,274.5,39,101.5,1
50,197.5,265.5,2073,52,170,155.5,28,314.5,1
51,135,44.5,2333,92,86.5,274.5,29,101.5,1
52,135,44.5,5965,302,127,274.5,30,74.5,1
53,197.5,265.5,1262,302,170,274.5,25,314.5,1
54,197.5,265.5,3378,92,170,274.5,21,314.5,1
55,135,44.5,2225,302,127,274.5,57,314.5,0
56,197.5,25,783,92,170,274.5,26,101.5,1
57,135,265.5,6468,92,31.5,274.5,52,74.5,0
58,197.5,147,9566,302,170,155.5,31,314.5,1
59,32,265.5,1961,302,127,155.5,23,74.5,1
60,137.5,147,6229,302,86.5,155.5,23,101.5,0
61,135,265.5,1391,302,170,46.5,27,314.5,1
62,135,147,1537,92,127,274.5,50,314.5,1
63,135,20.5,1953,302,127,274.5,61,74.5,0
64,135,20.5,14421,302,170,274.5,25,314.5,0
65,197.5,265.5,3181,302,86.5,155.5,26,101.5,1
66,197.5,265.5,5190,92,127,274.5,48,314.5,1
67,197.5,265.5,2171,302,86.5,155.5,29,314.5,1
68,135,265.5,1007,24.5,170,46.5,22,314.5,1
69,197.5,265.5,1819,302,170,274.5,37,101.5,0
70,197.5,265.5,2394,92,170,155.5,25,314.5,1
71,197.5,265.5,8133,302,170,155.5,30,314.5,1
72,197.5,147,730,92,127,274.5,46,101.5,1
73,137.5,147,1164,302,127,274.5,51,74.5,1
74,135,147,5954,302,87.5,155.5,41,101.5,1
75,137.5,265.5,1977,92,127,274.5,40,74.5,0
76,137.5,147,1526,302,127,274.5,66,74.5,1
77,137.5,265.5,3965,302,86.5,274.5,34,314.5,0
78,135,44.5,4771,302,87.5,274.5,51,314.5,1
79,197.5,20.5,9436,92,170,274.5,39,101.5,1
80,135,265.5,3832,302,86.5,46.5,22,314.5,1
81,197.5,265.5,5943,92,86.5,155.5,44,314.5,0
82,197.5,265.5,1213,32,127,274.5,47,314.5,1
83,197.5,265.5,1568,52,170,155.5,24,101.5,1
84,137.5,265.5,1755,302,127,155.5,58,101.5,1
85,137.5,265.5,2315,302,127,274.5,52,101.5,1
86,197.5,147,1412,302,170,155.5,29,74.5,1
87,135,147,1295,302,86.5,155.5,27,314.5,1
88,135,265.5,12612,52,170,274.5,47,314.5,0
89,137.5,265.5,2249,52,87.5,274.5,30,74.5,1
90,137.5,20.5,1108,302,87.5,274.5,28,314.5,0
91,197.5,147,618,302,127,274.5,56,314.5,1
92,137.5,147,1409,302,127,274.5,54,314.5,1
93,197.5,147,797,92,127,155.5,33,101.5,0
94,32,147,3617,92,127,274.5,20,314.5,1
95,135,265.5,1318,24.5,127,274.5,54,314.5,1
96,135,20.5,15945,302,86.5,274.5,58,314.5,0
97,197.5,147,2012,92,87.5,155.5,61,314.5,1
98,135,265.5,2622,52,170,274.5,34,314.5,1
99,135,147,2337,302,127,274.5,36,314.5,1
100,135,44.5,7057,92,87.5,274.5,36,74.5,1
101,197.5,265.5,1469,52,127,46.5,41,101.5,1
102,135,265.5,2323,302,87.5,274.5,24,314.5,1
103,197.5,44.5,932,302,170,155.5,24,314.5,1
104,135,147,1919,302,87.5,274.5,35,314.5,1
105,197.5,265.5,2445,92,86.5,46.5,26,314.5,1
106,135,147,11938,302,170,274.5,39,74.5,0
107,197.5,25,6458,302,127,274.5,39,74.5,0
108,135,265.5,6078,302,87.5,274.5,32,314.5,1
109,137.5,265.5,7721,92,86.5,155.5,30,314.5,1
110,135,265.5,1410,32,127,46.5,35,314.5,1
111,135,44.5,1449,52,127,25.5,31,314.5,1
112,32,265.5,392,302,86.5,155.5,23,314.5,1
113,135,265.5,6260,302,87.5,274.5,28,101.5,1
114,197.5,147,7855,302,170,155.5,25,314.5,0
115,137.5,265.5,1680,32,127,46.5,35,314.5,1
116,197.5,147,3578,92,127,274.5,47,314.5,1
117,137.5,265.5,7174,92,87.5,155.5,30,74.5,0
118,137.5,147,2132,92,86.5,155.5,27,314.5,1
119,137.5,147,4281,32,170,155.5,23,314.5,0
120,135,147,2366,32,87.5,25.5,36,74.5,1
121,137.5,265.5,1835,302,170,155.5,25,314.5,0
122,197.5,147,3868,302,127,155.5,41,74.5,1
123,197.5,265.5,1768,302,170,274.5,24,101.5,1
124,32,147,781,302,127,274.5,63,314.5,1
125,135,265.5,1924,92,86.5,155.5,27,314.5,0
126,137.5,147,2121,302,170,274.5,30,314.5,1
127,137.5,265.5,701,302,170,46.5,40,101.5,1
128,135,265.5,639,302,170,274.5,30,314.5,0
129,135,147,1860,302,31.5,274.5,34,74.5,1
130,137.5,147,3499,302,170,155.5,29,314.5,0
131,135,265.5,8487,92,87.5,155.5,24,314.5,1
132,137.5,44.5,6887,302,170,274.5,29,314.5,0
133,197.5,265.5,2708,302,86.5,274.5,27,101.5,1
134,197.5,265.5,1984,302,170,274.5,47,314.5,1
135,197.5,265.5,10144,52,87.5,155.5,21,314.5,1
136,197.5,147,1240,92,127,155.5,38,314.5,1
137,197.5,44.5,8613,24.5,170,274.5,27,314.5,1
138,135,265.5,766,32,170,274.5,66,101.5,0
139,135,147,2728,92,87.5,274.5,35,314.5,1
140,32,265.5,1881,302,170,155.5,44,101.5,1
141,32,265.5,709,24.5,86.5,46.5,27,11.5,1
142,135,265.5,4795,302,86.5,155.5,30,74.5,1
143,137.5,265.5,3416,302,170,274.5,27,74.5,1
144,137.5,265.5,2462,302,170,274.5,22,314.5,0
145,197.5,147,2288,302,86.5,155.5,23,314.5,1
146,135,25,3566,52,87.5,274.5,30,314.5,1
147,137.5,147,860,302,127,155.5,39,314.5,1
148,197.5,147,682,52,87.5,155.5,51,314.5,1
149,137.5,147,5371,302,170,274.5,28,314.5,1
150,197.5,147,1582,24.5,127,274.5,46,314.5,1
151,197.5,265.5,1346,52,127,274.5,42,314.5,1
152,197.5,265.5,1924,302,170,274.5,38,314.5,1
153,32,265.5,5848,302,170,274.5,24,314.5,1
154,135,147,7758,24.5,127,155.5,29,314.5,1
155,135,44.5,6967,52,87.5,274.5,36,74.5,1
156,137.5,265.5,1282,302,170,155.5,20,314.5,0
157,137.5,147,1288,52,127,274.5,48,314.5,1
158,137.5,25,339,302,127,46.5,45,101.5,1
159,135,265.5,3512,52,87.5,274.5,38,314.5,1
160,197.5,147,1898,92,170,274.5,34,101.5,1
161,197.5,147,2872,52,127,274.5,36,314.5,1
162,197.5,147,1055,302,86.5,155.5,30,314.5,1
163,197.5,265.5,1262,32,87.5,274.5,36,314.5,1
164,135,265.5,7308,302,31.5,274.5,70,74.5,1
165,197.5,265.5,909,32,127,274.5,36,314.5,1
166,197.5,265.5,2978,32,170,274.5,32,314.5,1
167,137.5,265.5,1131,302,31.5,155.5,33,314.5,0
168,135,265.5,1577,24.5,86.5,155.5,20,314.5,1
169,197.5,265.5,3972,302,87.5,155.5,25,314.5,1
170,135,147,1935,302,127,25.5,31,314.5,0
171,137.5,20.5,950,302,127,274.5,33,314.5,0
172,197.5,265.5,763,302,170,155.5,26,314.5,1
173,135,44.5,2064,302,31.5,155.5,34,74.5,0
174,135,265.5,1414,302,170,274.5,33,314.5,1
175,137.5,44.5,3414,302,86.5,274.5,26,314.5,0
176,197.5,25,7485,92,31.5,155.5,53,74.5,0
177,137.5,265.5,2577,302,170,25.5,42,314.5,1
178,137.5,147,338,32,127,274.5,52,314.5,1
179,197.5,265.5,1963,302,87.5,274.5,31,74.5,1
180,137.5,147,571,302,127,274.5,65,314.5,1
181,197.5,44.5,9572,302,86.5,25.5,28,314.5,0
182,135,44.5,4455,302,170,25.5,30,74.5,0
183,137.5,25,1647,92,170,274.5,40,101.5,0
184,197.5,147,3777,24.5,170,274.5,50,314.5,1
185,135,147,884,302,127,274.5,36,314.5,0
186,197.5,147,1360,302,170,274.5,31,314.5,1
187,135,25,5129,302,127,155.5,74,74.5,0
188,135,147,1175,302,31.5,274.5,68,11.5,1
189,137.5,265.5,674,52,87.5,46.5,20,314.5,0
190,135,20.5,3244,302,170,155.5,33,314.5,1
191,197.5,265.5,4591,24.5,170,274.5,54,74.5,0
192,135,20.5,3844,52,87.5,274.5,34,101.5,0
193,135,265.5,3915,302,170,274.5,36,314.5,0
194,197.5,265.5,2108,302,87.5,46.5,29,314.5,1
195,135,265.5,3031,52,170,274.5,21,314.5,0
196,135,147,1501,302,127,155.5,34,74.5,0
197,197.5,147,1382,302,170,155.5,28,314.5,1
198,135,265.5,951,52,86.5,155.5,27,314.5,0
199,135,265.5,2760,92,127,274.5,36,314.5,1
200,135,44.5,4297,302,127,25.5,40,74.5,0
201,197.5,147,936,32,127,274.5,52,314.5,1
202,137.5,265.5,1168,302,170,46.5,27,101.5,1
203,197.5,44.5,5117,302,87.5,274.5,26,314.5,1
204,137.5,265.5,902,302,87.5,46.5,21,314.5,0
205,197.5,147,1495,302,127,274.5,38,101.5,1
206,137.5,147,10623,302,127,274.5,38,74.5,1
207,197.5,147,1935,302,127,274.5,43,314.5,1
208,135,147,1424,302,87.5,274.5,26,314.5,1
209,137.5,265.5,6568,302,170,46.5,21,101.5,1
210,197.5,265.5,1413,24.5,87.5,274.5,55,314.5,1
211,197.5,147,3074,92,170,274.5,33,314.5,1
212,197.5,265.5,3835,92,127,155.5,45,101.5,1
213,137.5,20.5,5293,302,31.5,274.5,50,314.5,0
214,32,44.5,1908,302,127,274.5,66,74.5,0
215,197.5,147,3342,92,127,274.5,51,314.5,1
216,135,147,932,92,87.5,155.5,39,101.5,1
217,137.5,20.5,3104,302,87.5,274.5,31,314.5,1
218,32,265.5,3913,302,170,274.5,23,314.5,1
219,137.5,265.5,3021,302,170,25.5,24,101.5,1
220,197.5,265.5,1364,302,170,155.5,64,314.5,1
221,135,265.5,625,302,86.5,46.5,26,101.5,1
222,137.5,265.5,1200,92,170,155.5,23,314.5,1
223,197.5,265.5,707,302,170,274.5,30,314.5,1
224,197.5,44.5,2978,92,170,274.5,32,314.5,1
225,197.5,265.5,4657,302,170,274.5,30,314.5,1
226,197.5,20.5,2613,302,170,274.5,27,314.5,1
227,135,265.5,10961,24.5,87.5,274.5,27,314.5,0
228,137.5,265.5,7865,302,127,274.5,53,74.5,0
229,197.5,265.5,1478,302,87.5,274.5,22,314.5,0
230,137.5,265.5,3149,302,86.5,274.5,22,314.5,1
231,32,265.5,4210,302,170,274.5,26,314.5,0
232,197.5,265.5,2507,32,127,274.5,51,101.5,1
233,197.5,265.5,2141,52,87.5,274.5,35,314.5,1
234,135,265.5,866,302,170,46.5,25,101.5,1
235,197.5,147,1544,302,87.5,274.5,42,101.5,1
236,137.5,265.5,1823,302,31.5,274.5,30,74.5,0
237,135,265.5,14555,92,31.5,274.5,23,11.5,0
238,135,265.5,2767,52,127,25.5,61,101.5,0
239,197.5,147,1291,302,170,155.5,35,314.5,1
240,137.5,265.5,2522,302,127,274.5,39,314.5,1
241,137.5,265.5,915,92,127,155.5,29,314.5,0
242,197.5,265.5,1595,302,87.5,274.5,51,314.5,1
243,137.5,20.5,4605,302,127,274.5,24,314.5,0
244,197.5,147,1185,302,170,155.5,27,314.5,1
245,197.5,25,3447,32,170,155.5,35,101.5,1
246,197.5,265.5,1258,302,87.5,274.5,25,314.5,1
247,197.5,147,717,302,127,274.5,52,314.5,1
248,197.5,20.5,1204,52,170,274.5,35,314.5,1
249,32,265.5,1925,302,170,274.5,26,314.5,1
250,197.5,265.5,433,302,31.5,155.5,22,314.5,0
251,137.5,147,666,24.5,87.5,155.5,39,101.5,1
252,32,265.5,2251,302,170,155.5,46,101.5,1
253,135,265.5,2150,302,170,155.5,24,314.5,0
254,197.5,44.5,4151,52,170,274.5,35,314.5,1
255,135,265.5,2030,92,87.5,274.5,24,314.5,1
256,135,44.5,7418,92,170,274.5,27,101.5,1
257,197.5,147,2684,302,170,274.5,35,101.5,1
258,137.5,25,2149,302,170,25.5,29,314.5,0
259,197.5,265.5,3812,52,86.5,155.5,23,314.5,1
260,197.5,147,1154,52,31.5,155.5,57,101.5,1
261,137.5,265.5,1657,302,170,274.5,27,314.5,1
262,137.5,265.5,1603,302,127,155.5,55,314.5,1
263,137.5,147,5302,302,127,274.5,36,74.5,1
264,197.5,147,2748,302,127,155.5,57,101.5,1
265,197.5,147,1231,302,127,274.5,32,101.5,1
266,135,265.5,802,302,127,274.5,37,314.5,0
267,197.5,147,6304,92,127,274.5,36,314.5,1
268,197.5,265.5,1533,302,86.5,155.5,38,314.5,1
269,137.5,265.5,8978,302,127,25.5,45,74.5,0
270,197.5,265.5,999,92,127,274.5,25,314.5,1
271,197.5,265.5,2662,92,87.5,274.5,32,314.5,1
272,197.5,147,1402,32,87.5,155.5,37,314.5,1
273,135,25,12169,92,31.5,274.5,36,74.5,1
274,135,265.5,3060,302,87.5,274.5,28,314.5,0
275,137.5,265.5,11998,302,86.5,25.5,34,101.5,0
276,197.5,265.5,2697,302,170,274.5,32,314.5,1
277,197.5,147,2404,302,170,155.5,26,314.5,1
278,137.5,265.5,1262,92,127,25.5,49,101.5,1
279,197.5,265.5,4611,302,86.5,155.5,32,314.5,0
280,197.5,265.5,1901,52,170,274.5,29,74.5,1
281,197.5,147,3368,24.5,127,274.5,23,314.5,1
282,197.5,265.5,1574,302,170,274.5,50,314.5,1
283,32,25,1445,92,87.5,274.5,49,101.5,1
284,197.5,147,1520,92,127,274.5,63,314.5,1
285,135,147,3878,52,86.5,25.5,37,314.5,1
286,137.5,265.5,10722,302,86.5,155.5,35,101.5,1
287,137.5,265.5,4788,302,87.5,274.5,26,314.5,1
288,135,44.5,7582,52,31.5,274.5,31,74.5,1
289,135,265.5,1092,302,170,155.5,49,314.5,1
290,137.5,44.5,1024,302,86.5,46.5,48,314.5,0
291,197.5,265.5,1076,302,170,46.5,26,314.5,1
292,135,265.5,9398,302,86.5,46.5,28,74.5,0
293,137.5,147,6419,302,127,155.5,44,74.5,1
294,32,147,4796,302,127,274.5,56,314.5,1
295,197.5,147,7629,92,127,25.5,46,74.5,1
296,135,265.5,9960,302,86.5,155.5,26,314.5,0
297,197.5,265.5,4675,92,86.5,155.5,20,314.5,1
298,197.5,265.5,1287,92,127,274.5,45,101.5,1
299,197.5,265.5,2515,302,170,274.5,43,314.5,1
300,135,147,2745,24.5,87.5,274.5,32,314.5,1
301,197.5,265.5,672,302,31.5,155.5,54,11.5,1
302,135,20.5,3804,302,170,155.5,42,314.5,0
303,32,147,1344,92,87.5,274.5,37,101.5,0
304,137.5,147,1038,302,87.5,274.5,49,314.5,1
305,197.5,147,10127,32,170,274.5,44,314.5,0
306,197.5,265.5,1543,24.5,170,25.5,33,314.5,1
307,197.5,265.5,4811,92,87.5,155.5,24,101.5,1
308,137.5,265.5,727,52,86.5,46.5,33,101.5,0
309,135,265.5,1237,302,170,155.5,24,314.5,0
310,135,265.5,276,302,170,46.5,22,101.5,1
311,135,265.5,5381,92,31.5,274.5,40,11.5,1
312,197.5,265.5,5511,52,170,274.5,25,314.5,1
313,32,265.5,3749,302,86.5,155.5,26,314.5,1
314,135,265.5,685,302,87.5,46.5,25,101.5,0
315,32,265.5,1494,92,86.5,274.5,29,101.5,1
316,137.5,25,2746,302,127,274.5,31,314.5,0
317,137.5,265.5,708,302,170,274.5,38,101.5,1
318,135,265.5,4351,92,170,155.5,48,101.5,1
319,197.5,147,701,302,170,274.5,32,314.5,1
320,137.5,44.5,3643,302,127,155.5,27,101.5,1
321,135,147,4249,302,31.5,46.5,28,74.5,0
322,137.5,265.5,1938,302,86.5,25.5,32,314.5,0
323,137.5,265.5,2910,302,87.5,274.5,34,74.5,1
324,137.5,265.5,2659,24.5,170,274.5,28,314.5,1
325,197.5,147,1028,302,170,155.5,36,314.5,1
326,137.5,147,3398,302,87.5,274.5,39,101.5,1
327,197.5,147,5801,92,127,274.5,49,314.5,1
328,197.5,265.5,1525,24.5,87.5,155.5,34,314.5,1
329,32,265.5,4473,302,127,274.5,31,314.5,1
330,135,265.5,1068,302,127,274.5,28,314.5,1
331,137.5,147,6615,302,31.5,274.5,75,74.5,1
332,197.5,147,1864,52,170,155.5,30,314.5,0
333,135,265.5,7408,52,86.5,155.5,24,74.5,0
334,197.5,147,11590,52,170,155.5,24,101.5,0
335,137.5,20.5,4110,302,127,274.5,23,314.5,0
336,137.5,147,3384,302,170,25.5,44,74.5,0
337,135,265.5,2101,302,86.5,155.5,23,101.5,1
338,137.5,265.5,1275,92,170,155.5,24,314.5,0
339,137.5,265.5,4169,302,170,274.5,28,314.5,1
340,135,265.5,1521,302,170,25.5,31,101.5,1
341,135,147,5743,302,86.5,155.5,24,314.5,1
342,137.5,265.5,3599,302,87.5,155.5,26,101.5,1
343,135,265.5,3213,32,86.5,46.5,25,314.5,1
344,135,265.5,4439,302,127,274.5,33,74.5,1
345,32,265.5,3949,302,86.5,274.5,37,101.5,1
346,197.5,147,1459,302,170,155.5,43,101.5,1
347,135,147,882,302,86.5,274.5,23,314.5,1
348,135,265.5,3758,32,31.5,155.5,23,11.5,1
349,197.5,44.5,1743,52,170,274.5,34,101.5,1
350,135,147,1136,24.5,127,274.5,32,314.5,0
351,197.5,265.5,1236,302,86.5,155.5,23,314.5,1
352,135,265.5,959,302,170,155.5,29,314.5,0
353,197.5,147,3229,92,31.5,274.5,38,74.5,1
354,137.5,20.5,6199,302,170,274.5,28,314.5,0
355,197.5,265.5,727,32,127,274.5,46,314.5,1
356,135,265.5,1246,302,86.5,274.5,23,101.5,0
357,197.5,147,2331,92,127,274.5,49,314.5,1
358,197.5,44.5,4463,302,170,274.5,26,74.5,0
359,197.5,265.5,776,302,170,46.5,28,314.5,1
360,137.5,265.5,2406,302,87.5,155.5,23,314.5,0
361,135,265.5,1239,92,170,274.5,61,314.5,1
362,32,265.5,3399,92,127,274.5,37,74.5,1
363,32,44.5,2247,302,170,155.5,36,314.5,1
364,197.5,265.5,1766,302,170,46.5,21,314.5,1
365,137.5,265.5,2473,302,31.5,274.5,25,11.5,0
366,197.5,265.5,1542,302,87.5,274.5,36,314.5,1
367,197.5,147,3850,302,87.5,274.5,27,314.5,1
368,137.5,265.5,3650,302,86.5,155.5,22,314.5,1
369,137.5,265.5,3446,302,127,274.5,42,314.5,0
370,135,265.5,3001,302,87.5,155.5,40,314.5,1
371,197.5,265.5,3079,92,170,274.5,36,314.5,1
372,197.5,147,6070,302,127,274.5,33,314.5,1
373,197.5,147,2146,302,86.5,155.5,23,314.5,1
374,197.5,147,13756,92,127,274.5,63,74.5,1
375,135,25,14782,52,127,155.5,60,74.5,0
376,137.5,25,7685,302,87.5,155.5,37,314.5,0
377,197.5,44.5,2320,302,31.5,46.5,34,314.5,1
378,197.5,44.5,846,92,127,274.5,36,314.5,1
379,135,265.5,14318,302,127,274.5,57,74.5,0
380,197.5,147,362,52,170,155.5,52,101.5,1
381,137.5,265.5,2212,92,87.5,274.5,39,314.5,1
382,135,265.5,12976,302,31.5,155.5,38,74.5,0
383,197.5,265.5,1283,92,87.5,155.5,25,314.5,1
384,32,265.5,1330,302,86.5,274.5,26,314.5,1
385,197.5,44.5,4272,52,170,274.5,26,101.5,1
386,197.5,147,2238,302,170,155.5,25,314.5,1
387,197.5,265.5,1126,92,86.5,155.5,21,314.5,1
388,135,147,7374,302,31.5,274.5,40,74.5,1
389,135,147,2326,32,170,274.5,27,314.5,1
390,197.5,265.5,1449,302,87.5,155.5,27,314.5,1
391,197.5,265.5,1820,302,170,46.5,30,74.5,1
392,135,265.5,983,24.5,86.5,155.5,19,101.5,1
393,137.5,265.5,3249,302,87.5,274.5,39,74.5,1
394,137.5,147,1957,302,87.5,155.5,31,314.5,1
395,197.5,147,2406,302,31.5,274.5,31,74.5,1
396,135,44.5,11760,52,87.5,274.5,32,314.5,1
397,137.5,265.5,2578,302,31.5,155.5,55,74.5,1
398,137.5,147,2348,302,170,46.5,46,314.5,1
399,135,265.5,1223,302,127,25.5,46,314.5,0
400,197.5,147,1516,24.5,170,155.5,43,101.5,1
401,197.5,265.5,1473,302,86.5,46.5,39,314.5,1
402,135,147,1887,92,170,46.5,28,314.5,1
403,197.5,44.5,8648,302,86.5,274.5,27,314.5,0
404,197.5,44.5,802,302,170,274.5,27,101.5,1
405,135,44.5,2899,92,127,274.5,43,314.5,1
406,135,265.5,2039,302,86.5,46.5,22,314.5,0
407,197.5,147,2197,92,87.5,274.5,43,314.5,1
408,137.5,265.5,1053,302,86.5,46.5,27,314.5,1
409,197.5,265.5,3235,32,127,25.5,26,74.5,1
410,32,147,939,32,87.5,46.5,28,314.5,0
411,135,265.5,1967,302,127,155.5,20,314.5,1
412,197.5,147,7253,302,87.5,274.5,35,74.5,1
413,197.5,147,2292,302,31.5,274.5,42,74.5,0
414,197.5,265.5,1597,32,170,274.5,40,101.5,1
415,137.5,265.5,1381,92,170,155.5,35,314.5,0
416,197.5,147,5842,302,127,274.5,35,314.5,1
417,137.5,265.5,2579,302,86.5,274.5,33,101.5,0
418,137.5,44.5,8471,92,170,155.5,23,314.5,1
419,197.5,265.5,2782,32,87.5,155.5,31,74.5,1
420,135,265.5,1042,92,170,155.5,33,314.5,0
421,197.5,265.5,3186,24.5,87.5,155.5,20,314.5,1
422,135,265.5,2028,92,170,274.5,30,314.5,1
423,135,147,958,302,87.5,274.5,47,101.5,1
424,197.5,44.5,1591,52,87.5,274.5,34,74.5,1
425,135,265.5,2762,92,127,155.5,25,314.5,0
426,135,265.5,2779,302,170,46.5,21,314.5,1
427,197.5,147,2743,302,127,274.5,29,314.5,1
428,197.5,147,1149,24.5,170,274.5,46,314.5,1
429,197.5,265.5,1313,302,127,274.5,20,314.5,1
430,137.5,147,1190,302,31.5,155.5,55,11.5,0
431,197.5,265.5,3448,302,87.5,274.5,74,101.5,1
432,135,265.5,1328,302,170,274.5,29,74.5,0
433,137.5,147,1872,302,31.5,274.5,36,74.5,1
434,197.5,147,2058,302,170,25.5,33,314.5,1
435,137.5,265.5,2136,302,170,274.5,25,314.5,1
436,135,265.5,1484,92,170,46.5,25,314.5,0
437,197.5,265.5,660,32,87.5,46.5,23,101.5,1
438,197.5,147,1287,24.5,127,155.5,37,314.5,1
439,137.5,147,3394,302,31.5,274.5,65,11.5,1
440,32,25,609,302,86.5,155.5,26,11.5,0
441,197.5,265.5,1884,302,127,274.5,39,74.5,1
442,137.5,265.5,1620,302,170,155.5,30,314.5,1
443,135,44.5,2629,302,170,274.5,29,314.5,1
444,197.5,265.5,7190,302,127,274.5,41,101.5,0
445,135,147,5096,302,170,155.5,30,74.5,0
446,197.5,147,1244,92,127,155.5,41,101.5,1
447,137.5,265.5,1842,302,86.5,155.5,34,314.5,0
448,135,265.5,2576,302,170,274.5,35,314.5,1
449,32,265.5,1424,92,127,155.5,55,74.5,1
450,135,44.5,1512,24.5,170,46.5,61,314.5,0
451,197.5,147,11054,92,170,274.5,30,74.5,1
452,197.5,265.5,5180,302,170,155.5,29,314.5,1
453,197.5,20.5,2759,302,127,274.5,34,314.5,1
454,197.5,265.5,2670,302,127,274.5,35,74.5,1
455,137.5,265.5,4817,302,87.5,274.5,31,314.5,0
456,197.5,265.5,2679,302,86.5,155.5,29,74.5,1
457,137.5,147,3905,302,170,274.5,36,314.5,1
458,137.5,265.5,3386,302,127,274.5,35,314.5,0
459,137.5,265.5,343,302,86.5,155.5,27,314.5,1
460,197.5,265.5,4594,302,86.5,274.5,32,314.5,1
461,137.5,265.5,3620,302,170,274.5,37,314.5,1
462,137.5,265.5,1721,302,86.5,274.5,36,314.5,1
463,135,265.5,3017,302,86.5,155.5,34,74.5,1
464,135,265.5,754,92,127,274.5,38,314.5,1
465,197.5,265.5,1950,302,87.5,274.5,34,314.5,1
466,137.5,265.5,2924,302,170,274.5,63,314.5,1
467,137.5,44.5,1659,302,86.5,155.5,29,101.5,0
468,197.5,44.5,7238,92,127,274.5,32,314.5,1
469,197.5,44.5,2764,302,170,155.5,26,314.5,1
470,197.5,44.5,4679,302,87.5,274.5,35,101.5,1
471,135,265.5,3092,52,86.5,46.5,22,314.5,0
472,137.5,265.5,448,302,86.5,155.5,23,314.5,0
473,137.5,265.5,654,302,170,274.5,28,101.5,0
474,197.5,265.5,1238,92,31.5,274.5,36,74.5,1
475,135,147,1245,302,170,46.5,33,314.5,0
476,137.5,20.5,3114,302,86.5,155.5,26,314.5,0
477,197.5,265.5,2569,32,170,274.5,24,314.5,1
478,32,265.5,5152,302,87.5,274.5,25,314.5,1
479,135,265.5,1037,52,87.5,274.5,39,101.5,1
480,137.5,147,1478,302,127,274.5,44,314.5,1
481,135,147,3573,302,170,155.5,23,101.5,1
482,135,265.5,1201,302,86.5,274.5,26,314.5,1
483,137.5,265.5,3622,24.5,127,155.5,57,314.5,1
484,197.5,44.5,960,24.5,87.5,155.5,30,314.5,1
485,197.5,147,1163,32,170,274.5,44,314.5,1
486,135,44.5,1209,302,31.5,274.5,47,74.5,0
487,197.5,265.5,3077,302,170,274.5,52,314.5,1
488,197.5,265.5,3757,302,127,155.5,62,314.5,1
489,197.5,265.5,1418,52,170,274.5,35,101.5,1
490,197.5,265.5,3518,302,170,274.5,26,314.5,1
491,197.5,147,1934,302,127,274.5,26,314.5,1
492,135,20.5,8318,302,127,155.5,42,74.5,0
493,197.5,147,1237,52,170,155.5,27,314.5,1
494,135,265.5,368,92,127,274.5,38,314.5,1
495,137.5,147,2122,302,170,274.5,39,101.5,1
496,137.5,265.5,2996,92,170,46.5,20,314.5,0
497,135,265.5,9034,52,86.5,274.5,29,74.5,0
498,197.5,147,1585,302,87.5,274.5,40,314.5,1
499,135,265.5,1301,302,127,46.5,32,101.5,1
500,32,147,1323,52,127,25.5,28,314.5,1
501,137.5,265.5,3123,302,86.5,155.5,27,314.5,0
502,137.5,265.5,5493,302,127,274.5,42,314.5,1
503,32,265.5,1126,52,127,25.5,49,314.5,1
504,135,147,1216,52,86.5,274.5,38,314.5,0
505,137.5,265.5,1207,302,86.5,155.5,24,314.5,0
506,197.5,265.5,1309,92,170,274.5,27,101.5,0
507,32,147,2360,32,170,274.5,36,314.5,1
508,135,25,6850,52,31.5,274.5,34,74.5,0
509,197.5,265.5,1413,302,170,46.5,28,314.5,1
510,197.5,265.5,8588,52,127,274.5,45,74.5,1
511,137.5,265.5,759,302,87.5,274.5,26,314.5,0
512,197.5,265.5,4686,302,170,274.5,32,74.5,1
513,32,265.5,2687,302,87.5,274.5,26,314.5,1
514,135,44.5,5850,302,170,46.5,20,314.5,1
515,197.5,265.5,2255,92,86.5,274.5,54,314.5,1
516,137.5,147,609,302,87.5,155.5,37,314.5,1
517,137.5,147,1361,302,86.5,274.5,40,101.5,1
518,197.5,147,7127,302,86.5,155.5,23,314.5,0
519,137.5,265.5,1203,52,127,274.5,43,314.5,1
520,197.5,147,700,92,127,274.5,36,314.5,1
521,197.5,147,5507,302,127,274.5,44,314.5,1
522,137.5,265.5,3190,302,170,155.5,24,314.5,0
523,137.5,20.5,7119,302,170,274.5,53,314.5,0
524,197.5,265.5,3488,52,87.5,155.5,23,314.5,1
525,135,265.5,1113,302,170,155.5,26,101.5,1
526,135,265.5,7966,302,86.5,274.5,30,314.5,1
527,197.5,147,1532,52,170,155.5,31,314.5,1
528,197.5,147,1503,302,87.5,274.5,42,101.5,1
529,137.5,265.5,2302,302,170,25.5,31,314.5,0
530,137.5,265.5,662,302,86.5,274.5,41,101.5,1
531,135,265.5,2273,302,87.5,274.5,32,314.5,1
532,135,265.5,2631,52,170,155.5,28,314.5,0
533,197.5,44.5,1503,302,170,46.5,41,314.5,1
534,197.5,265.5,1311,52,87.5,46.5,26,314.5,1
535,197.5,265.5,3105,92,86.5,274.5,25,314.5,1
536,32,147,2319,302,86.5,25.5,33,314.5,0
537,137.5,265.5,1374,92,31.5,155.5,75,74.5,1
538,135,147,3612,302,127,155.5,37,314.5,1
539,137.5,265.5,7763,302,127,274.5,42,74.5,0
540,32,265.5,3049,302,86.5,155.5,45,101.5,1
541,135,265.5,1534,302,86.5,46.5,23,314.5,0
542,197.5,44.5,2032,302,127,274.5,60,314.5,1
543,137.5,265.5,6350,92,127,274.5,31,314.5,0
544,32,265.5,2864,302,170,274.5,34,101.5,0
545,197.5,147,1255,302,127,274.5,61,101.5,1
546,137.5,44.5,1333,302,31.5,274.5,43,314.5,0
547,197.5,147,2022,302,170,155.5,37,314.5,1
548,197.5,265.5,1552,302,87.5,274.5,32,314.5,1
549,137.5,25,626,302,170,155.5,24,101.5,0
550,197.5,147,8858,92,87.5,274.5,35,314.5,1
551,197.5,147,996,92,87.5,155.5,23,314.5,1
552,197.5,25,1750,32,127,274.5,45,101.5,1
553,137.5,265.5,6999,302,87.5,46.5,34,314.5,0
554,135,147,1995,52,86.5,274.5,27,314.5,1
555,135,265.5,1199,302,87.5,155.5,67,74.5,1
556,135,265.5,1331,302,86.5,274.5,22,314.5,0
557,135,20.5,2278,52,86.5,155.5,28,314.5,0
558,197.5,20.5,5003,92,170,155.5,29,314.5,0
559,137.5,25,3552,302,87.5,274.5,27,314.5,0
560,135,147,1928,302,86.5,274.5,31,101.5,0
561,137.5,265.5,2964,92,127,274.5,49,314.5,1
562,137.5,25,1546,302,87.5,274.5,24,101.5,0
563,32,44.5,683,302,86.5,155.5,29,314.5,1
564,135,265.5,12389,92,170,274.5,37,314.5,0
565,135,44.5,4712,92,170,274.5,37,74.5,1
566,135,44.5,1553,52,87.5,155.5,23,314.5,1
567,137.5,265.5,1372,302,87.5,25.5,36,314.5,0
568,197.5,147,2578,24.5,127,274.5,34,314.5,1
569,135,265.5,3979,92,87.5,274.5,41,314.5,1
570,137.5,265.5,6758,302,170,155.5,31,314.5,0
571,137.5,265.5,3234,302,86.5,155.5,23,101.5,0
572,197.5,147,5954,302,87.5,274.5,38,314.5,1
573,197.5,265.5,5433,92,31.5,155.5,26,74.5,1
574,137.5,265.5,806,302,170,155.5,22,101.5,1
575,135,265.5,1082,302,127,274.5,27,101.5,1
576,197.5,147,2788,302,87.5,155.5,24,314.5,1
577,135,265.5,2930,302,87.5,155.5,27,314.5,1
578,197.5,147,1927,92,170,155.5,33,314.5,1
579,135,147,2820,302,86.5,25.5,27,314.5,0
580,197.5,265.5,937,302,86.5,46.5,27,101.5,1
581,135,147,1056,302,127,274.5,30,314.5,0
582,135,147,3124,302,86.5,274.5,49,101.5,1
583,197.5,265.5,1388,302,170,155.5,26,314.5,1
584,135,265.5,2384,302,86.5,274.5,33,101.5,0
585,197.5,265.5,2133,92,127,155.5,52,74.5,1
586,137.5,265.5,2039,302,170,155.5,20,314.5,0
587,137.5,147,2799,302,170,274.5,36,314.5,1
588,137.5,265.5,1289,302,170,274.5,21,101.5,1
589,137.5,265.5,1217,302,170,46.5,47,101.5,0
590,137.5,147,2246,302,127,274.5,60,314.5,0
591,137.5,147,385,302,87.5,155.5,58,101.5,1
592,135,44.5,1965,92,170,155.5,42,314.5,1
593,197.5,265.5,1572,24.5,127,155.5,36,101.5,1
594,135,265.5,2718,302,170,155.5,20,101.5,0
595,137.5,25,1358,92,127,274.5,40,74.5,0
596,135,25,931,52,86.5,155.5,32,101.5,0
597,137.5,265.5,1442,302,87.5,155.5,23,314.5,0
598,135,20.5,4241,302,170,274.5,36,101.5,0
599,197.5,147,2775,302,87.5,274.5,31,314.5,0
600,197.5,44.5,3863,302,170,274.5,32,314.5,1
601,135,265.5,2329,302,86.5,155.5,45,314.5,1
602,135,265.5,918,302,170,155.5,30,314.5,0
603,135,25,1837,302,87.5,155.5,34,101.5,0
604,197.5,265.5,3349,302,170,155.5,28,74.5,0
605,32,265.5,1275,302,86.5,155.5,23,314.5,1
606,137.5,25,2828,32,170,274.5,22,314.5,1
607,197.5,147,4526,302,170,274.5,74,74.5,1
608,135,265.5,2671,52,170,155.5,50,314.5,0
609,197.5,265.5,2051,302,86.5,274.5,33,314.5,1
610,197.5,265.5,1300,92,127,274.5,45,314.5,1
611,137.5,265.5,741,52,31.5,155.5,22,314.5,0
612,32,265.5,1240,52,127,155.5,48,101.5,0
613,137.5,265.5,3357,24.5,86.5,155.5,29,314.5,1
614,137.5,25,3632,302,170,155.5,22,314.5,1
615,197.5,44.5,1808,302,87.5,155.5,22,314.5,0
616,135,20.5,12204,92,170,274.5,48,74.5,1
617,135,44.5,9157,92,170,274.5,27,74.5,1
618,137.5,147,3676,302,170,274.5,37,314.5,1
619,135,265.5,3441,52,170,155.5,21,314.5,0
620,197.5,265.5,640,302,170,25.5,49,101.5,1
621,135,147,3652,302,87.5,274.5,27,314.5,1
622,197.5,147,1530,302,170,274.5,32,314.5,0
623,197.5,265.5,3914,92,170,25.5,38,314.5,0
624,137.5,265.5,1858,302,86.5,155.5,22,314.5,1
625,137.5,265.5,2600,302,170,274.5,65,314.5,0
626,197.5,265.5,1979,92,127,274.5,35,314.5,1
627,32,265.5,2116,302,170,274.5,41,314.5,1
628,135,25,1437,52,87.5,274.5,29,314.5,0
629,197.5,147,4042,32,170,274.5,36,314.5,1
630,197.5,265.5,3832,92,127,274.5,64,101.5,1
631,137.5,265.5,3660,302,170,155.5,28,314.5,1
632,137.5,25,1553,302,170,274.5,44,314.5,0
633,135,265.5,1444,92,86.5,274.5,23,314.5,1
634,197.5,265.5,1980,302,86.5,155.5,19,314.5,0
635,135,265.5,1355,302,86.5,155.5,25,101.5,0
636,197.5,265.5,1393,302,127,274.5,47,314.5,1
637,197.5,265.5,1376,32,87.5,155.5,28,314.5,1
638,197.5,44.5,15653,302,87.5,274.5,21,314.5,1
639,197.5,265.5,1493,302,86.5,155.5,34,314.5,1
640,137.5,44.5,4370,302,87.5,274.5,26,314.5,0
641,137.5,265.5,750,302,31.5,155.5,27,11.5,0
642,135,265.5,1308,302,127,274.5,38,101.5,1
643,197.5,265.5,4623,52,170,274.5,40,74.5,0
644,197.5,147,1851,302,87.5,46.5,33,314.5,1
645,137.5,147,1880,302,87.5,46.5,32,74.5,1
646,197.5,44.5,7980,92,86.5,274.5,27,314.5,0
647,137.5,20.5,4583,302,170,25.5,32,314.5,1
648,197.5,265.5,1386,32,170,155.5,26,314.5,0
649,32,265.5,947,302,87.5,274.5,38,314.5,0
650,137.5,265.5,684,302,170,274.5,40,101.5,0
651,137.5,265.5,7476,302,87.5,274.5,50,74.5,1
652,135,265.5,1922,302,170,274.5,37,101.5,0
653,137.5,265.5,2303,302,127,274.5,45,314.5,0
654,135,44.5,8086,52,127,274.5,42,74.5,0
655,197.5,147,2346,302,87.5,274.5,35,314.5,1
656,137.5,265.5,3973,302,31.5,274.5,22,314.5,1
657,135,265.5,888,302,127,274.5,41,101.5,0
658,197.5,265.5,10222,92,87.5,274.5,37,314.5,1
659,135,20.5,4221,302,170,155.5,28,314.5,1
660,135,147,6361,302,127,274.5,41,314.5,1
661,32,265.5,1297,302,170,46.5,23,314.5,1
662,137.5,265.5,900,92,170,46.5,23,314.5,0
663,197.5,265.5,2241,302,127,274.5,50,314.5,1
664,135,44.5,1050,302,31.5,274.5,35,74.5,1
665,32,147,1047,302,170,155.5,50,101.5,1
666,197.5,147,6314,302,31.5,274.5,27,74.5,1
667,135,25,3496,24.5,170,274.5,34,314.5,1
668,197.5,25,3609,302,170,155.5,27,314.5,1
669,137.5,147,4843,302,127,274.5,43,314.5,0
670,32,147,3017,302,127,274.5,47,314.5,1
671,197.5,147,4139,52,170,274.5,27,101.5,1
672,197.5,265.5,5742,52,87.5,274.5,31,314.5,1
673,197.5,265.5,10366,302,127,274.5,42,74.5,1
674,197.5,147,2080,32,170,46.5,24,314.5,1
675,197.5,44.5,2580,32,86.5,274.5,41,101.5,0
676,197.5,147,4530,302,87.5,155.5,26,74.5,1
677,197.5,147,5150,302,127,274.5,33,314.5,1
678,135,265.5,5595,52,170,46.5,24,314.5,0
679,137.5,265.5,2384,302,127,274.5,64,101.5,1
680,197.5,265.5,1453,302,86.5,155.5,26,314.5,1
681,197.5,265.5,1538,302,86.5,155.5,56,314.5,1
682,197.5,265.5,2279,92,170,274.5,37,314.5,1
683,197.5,44.5,1478,302,170,46.5,33,314.5,1
684,197.5,147,5103,302,86.5,46.5,47,314.5,1
685,135,44.5,9857,52,87.5,274.5,31,101.5,1
686,197.5,265.5,6527,92,170,274.5,34,314.5,1
687,32,147,1347,92,87.5,274.5,27,314.5,1
688,135,44.5,2862,52,127,274.5,30,314.5,1
689,197.5,265.5,2753,52,127,274.5,35,314.5,1
690,137.5,265.5,3651,24.5,170,274.5,31,314.5,1
691,137.5,147,975,302,170,25.5,25,314.5,1
692,135,265.5,2631,52,170,155.5,25,101.5,1
693,135,265.5,2896,52,86.5,274.5,29,314.5,1
694,137.5,147,4716,92,86.5,274.5,44,101.5,1
695,197.5,265.5,2284,302,87.5,274.5,28,314.5,1
696,197.5,265.5,1236,32,170,274.5,50,314.5,1
697,135,265.5,1103,302,87.5,274.5,29,314.5,1
698,197.5,147,926,302,31.5,155.5,38,11.5,1
699,197.5,147,1800,302,170,274.5,24,314.5,1
700,32,265.5,1905,302,127,274.5,40,74.5,1
701,197.5,265.5,1123,32,170,155.5,29,101.5,0
702,137.5,147,6331,302,127,274.5,46,314.5,0
703,32,265.5,1377,52,127,155.5,47,314.5,1
704,135,44.5,2503,52,127,274.5,41,314.5,1
705,135,265.5,2528,302,86.5,155.5,32,314.5,1
706,197.5,265.5,5324,32,127,155.5,35,314.5,1
707,135,265.5,6560,52,87.5,274.5,24,314.5,0
708,135,20.5,2969,302,86.5,155.5,25,314.5,0
709,135,265.5,1206,302,127,155.5,25,314.5,1
710,135,265.5,2118,302,170,274.5,37,101.5,1
711,197.5,147,629,32,127,274.5,32,74.5,1
712,137.5,25,1198,302,127,155.5,35,314.5,0
713,197.5,265.5,2476,92,127,274.5,46,74.5,1
714,137.5,147,1138,302,170,274.5,25,101.5,1
715,135,265.5,14027,302,87.5,274.5,27,74.5,0
716,197.5,147,7596,92,127,274.5,63,314.5,1
717,197.5,147,3077,92,127,274.5,40,314.5,1
718,197.5,265.5,1505,302,170,274.5,32,74.5,1
719,32,147,3148,92,170,274.5,31,314.5,1
720,135,20.5,6148,52,127,46.5,31,314.5,1
721,32,20.5,1337,302,86.5,274.5,34,74.5,0
722,135,25,433,24.5,86.5,155.5,24,314.5,0
723,137.5,265.5,1228,302,170,155.5,24,101.5,0
724,135,265.5,790,32,170,155.5,66,101.5,1
725,197.5,265.5,2570,302,170,155.5,21,314.5,0
726,197.5,147,250,24.5,170,155.5,41,101.5,1
727,197.5,147,1316,32,170,46.5,47,101.5,1
728,137.5,265.5,1882,302,170,155.5,25,314.5,0
729,135,25,6416,302,127,155.5,59,314.5,0
730,32,147,1275,24.5,170,25.5,36,314.5,1
731,135,44.5,6403,302,86.5,274.5,33,314.5,1
732,137.5,265.5,1987,302,170,274.5,21,101.5,0
733,135,265.5,760,302,87.5,155.5,44,101.5,1
734,197.5,265.5,2603,24.5,170,155.5,28,314.5,1
735,197.5,147,3380,302,87.5,155.5,37,314.5,1
736,135,25,3990,92,86.5,155.5,29,11.5,1
737,135,265.5,11560,302,170,155.5,23,74.5,0
738,137.5,265.5,4380,52,170,274.5,35,101.5,1
739,197.5,147,6761,302,87.5,274.5,45,74.5,1
740,135,20.5,4280,52,170,155.5,26,101.5,0
741,137.5,25,2325,52,87.5,274.5,32,314.5,1
742,135,25,1048,302,170,274.5,23,101.5,1
743,197.5,265.5,3160,92,127,274.5,41,314.5,1
744,137.5,25,2483,32,170,274.5,22,314.5,1
745,137.5,147,14179,92,87.5,274.5,30,74.5,1
746,137.5,147,1797,302,86.5,274.5,28,101.5,1
747,137.5,265.5,2511,302,31.5,155.5,23,314.5,1
748,137.5,265.5,1274,302,86.5,155.5,37,101.5,0
749,197.5,265.5,5248,92,170,274.5,26,314.5,1
750,197.5,265.5,3029,302,87.5,274.5,33,314.5,1
751,137.5,265.5,428,302,127,155.5,49,314.5,1
752,137.5,265.5,976,302,86.5,155.5,23,101.5,0
753,135,265.5,841,52,87.5,155.5,23,101.5,1
754,197.5,147,5771,302,87.5,155.5,25,314.5,1
755,197.5,44.5,1555,24.5,127,274.5,55,314.5,0
756,137.5,265.5,1285,92,87.5,155.5,32,314.5,0
757,32,147,1299,302,170,274.5,74,11.5,1
758,32,147,1271,92,170,274.5,39,314.5,0
759,197.5,265.5,1393,302,170,274.5,31,314.5,1
760,137.5,147,691,302,127,274.5,35,314.5,0
761,197.5,147,5045,92,127,155.5,59,314.5,1
762,137.5,147,2124,302,170,155.5,24,314.5,0
763,137.5,265.5,2214,302,170,274.5,24,101.5,1
764,197.5,147,12680,92,127,274.5,30,74.5,0
765,197.5,147,2463,52,87.5,46.5,27,314.5,1
766,135,265.5,1155,302,127,46.5,40,101.5,1
767,137.5,265.5,3108,302,86.5,25.5,31,101.5,0
768,197.5,265.5,2901,92,86.5,155.5,31,314.5,1
769,135,147,3617,302,127,274.5,28,314.5,1
770,197.5,147,1655,302,127,274.5,63,101.5,1
771,137.5,265.5,2812,92,127,155.5,26,314.5,1
772,137.5,147,8065,302,170,155.5,25,74.5,0
773,197.5,147,3275,302,127,274.5,36,74.5,1
774,197.5,147,2223,52,127,274.5,52,314.5,1
775,32,147,1480,32,31.5,274.5,66,11.5,1
776,137.5,265.5,1371,92,170,155.5,25,314.5,0
777,197.5,147,3535,302,87.5,274.5,37,314.5,1
778,137.5,265.5,3509,302,87.5,155.5,25,314.5,1
779,197.5,147,5711,24.5,127,274.5,38,74.5,1
780,135,265.5,3872,302,31.5,155.5,67,314.5,1
781,135,147,4933,302,87.5,274.5,25,314.5,0
782,197.5,147,1940,24.5,127,274.5,60,314.5,1
783,135,20.5,1410,302,170,274.5,31,101.5,1
784,135,265.5,836,52,86.5,155.5,23,101.5,0
785,135,265.5,6468,92,31.5,25.5,60,74.5,1
786,135,265.5,1941,24.5,170,274.5,35,101.5,1
787,197.5,265.5,2675,32,127,274.5,40,314.5,1
788,197.5,147,2751,92,127,274.5,38,314.5,1
789,135,44.5,6224,302,127,274.5,50,314.5,0
790,137.5,147,5998,302,170,274.5,27,314.5,0
791,135,265.5,1188,302,127,155.5,39,314.5,0
792,197.5,265.5,6313,92,127,274.5,41,74.5,1
793,197.5,147,1221,92,170,46.5,27,314.5,1
794,32,265.5,2892,302,127,25.5,51,314.5,1
795,197.5,265.5,3062,32,127,274.5,32,314.5,1
796,197.5,265.5,2301,52,86.5,155.5,22,314.5,1
797,137.5,265.5,7511,92,127,274.5,51,314.5,0
798,197.5,147,1258,302,86.5,155.5,22,101.5,1
799,197.5,44.5,717,92,127,46.5,54,314.5,1
800,135,265.5,1549,92,86.5,274.5,35,11.5,1
801,197.5,147,1597,302,127,274.5,54,314.5,1
802,135,147,1795,302,127,155.5,48,101.5,1
803,137.5,147,4272,302,127,155.5,24,314.5,1
804,197.5,147,976,92,127,274.5,35,314.5,1
805,135,265.5,7472,92,31.5,155.5,24,11.5,1
806,137.5,265.5,9271,302,87.5,274.5,24,314.5,0
807,135,265.5,590,302,86.5,46.5,26,101.5,1
808,197.5,147,930,92,127,274.5,65,314.5,1
809,135,25,9283,302,31.5,274.5,55,74.5,1
810,135,20.5,1778,302,86.5,155.5,26,11.5,0
811,135,265.5,907,302,86.5,46.5,26,314.5,1
812,135,265.5,484,302,87.5,46.5,28,101.5,1
813,137.5,147,9629,302,87.5,274.5,24,314.5,0
814,137.5,265.5,3051,302,170,274.5,54,314.5,0
815,137.5,265.5,3931,302,87.5,274.5,46,314.5,0
816,135,44.5,7432,302,170,155.5,54,314.5,1
817,197.5,265.5,1338,32,170,25.5,62,314.5,1
818,197.5,147,1554,302,87.5,155.5,24,314.5,1
819,137.5,265.5,15857,302,31.5,25.5,43,74.5,1
820,137.5,265.5,1345,302,170,46.5,26,314.5,0
821,197.5,265.5,1101,302,170,46.5,27,314.5,1
822,32,265.5,3016,302,170,46.5,24,314.5,1
823,137.5,265.5,2712,302,127,274.5,41,314.5,0
824,137.5,147,731,302,127,274.5,47,101.5,1
825,197.5,147,3780,302,86.5,25.5,35,74.5,1
826,137.5,147,1602,302,127,46.5,30,314.5,1
827,137.5,147,3966,302,127,155.5,33,314.5,0
828,197.5,20.5,4165,302,170,274.5,36,314.5,0
829,137.5,265.5,8335,92,127,274.5,47,314.5,0
830,135,44.5,6681,92,170,274.5,38,314.5,1
831,197.5,44.5,2375,32,170,274.5,44,314.5,1
832,137.5,265.5,1216,302,86.5,155.5,23,314.5,0
833,137.5,20.5,11816,302,127,274.5,29,314.5,0
834,135,265.5,5084,92,127,155.5,42,314.5,1
835,32,265.5,2327,302,86.5,155.5,25,101.5,0
836,137.5,20.5,1082,302,170,274.5,48,314.5,0
837,197.5,265.5,886,92,170,155.5,21,314.5,1
838,197.5,265.5,601,302,86.5,155.5,23,101.5,1
839,137.5,147,2957,302,127,274.5,63,314.5,1
840,197.5,147,2611,302,127,46.5,46,314.5,1
841,137.5,265.5,5179,302,87.5,274.5,29,314.5,0
842,197.5,44.5,2993,302,170,274.5,28,101.5,1
843,197.5,265.5,1943,302,86.5,155.5,23,314.5,0
844,197.5,25,1559,302,87.5,274.5,50,314.5,1
845,197.5,265.5,3422,302,127,274.5,47,314.5,1
846,135,265.5,3976,92,87.5,274.5,35,314.5,1
847,197.5,265.5,6761,92,170,274.5,68,314.5,0
848,197.5,265.5,1249,302,86.5,46.5,28,314.5,1
849,137.5,265.5,1364,302,87.5,274.5,59,314.5,1
850,137.5,265.5,709,302,127,274.5,57,101.5,0
851,137.5,147,2235,302,170,46.5,33,314.5,0
852,197.5,147,4042,92,87.5,274.5,43,314.5,1
853,197.5,147,1471,302,170,274.5,35,314.5,1
854,137.5,25,1442,302,87.5,274.5,32,101.5,0
855,197.5,44.5,10875,302,127,274.5,45,314.5,1
856,197.5,265.5,1474,52,86.5,46.5,33,314.5,1
857,197.5,265.5,894,92,87.5,155.5,40,314.5,1
858,197.5,147,3343,302,170,274.5,28,314.5,1
859,137.5,265.5,3959,302,170,155.5,29,314.5,0
860,197.5,265.5,3577,52,170,274.5,26,314.5,1
861,197.5,147,5804,24.5,170,274.5,27,314.5,1
862,197.5,44.5,2169,302,170,46.5,28,314.5,0
863,137.5,265.5,2439,302,86.5,155.5,35,314.5,0
864,197.5,147,4526,24.5,86.5,274.5,32,101.5,1
865,197.5,265.5,2210,302,170,274.5,25,101.5,0
866,197.5,265.5,2221,32,170,155.5,20,314.5,1
867,137.5,265.5,2389,302,86.5,155.5,27,314.5,1
868,197.5,147,3331,302,127,274.5,42,314.5,1
869,197.5,265.5,7409,92,127,274.5,37,314.5,1
870,137.5,265.5,652,302,127,155.5,24,314.5,1
871,197.5,44.5,7678,32,87.5,155.5,40,314.5,1
872,32,147,1343,302,127,274.5,46,314.5,1
873,137.5,147,1382,52,87.5,274.5,26,314.5,1
874,197.5,265.5,874,92,86.5,155.5,24,314.5,1
875,137.5,265.5,3590,302,170,274.5,29,101.5,1
876,135,147,1322,24.5,170,155.5,40,314.5,1
877,137.5,25,1940,302,86.5,274.5,36,74.5,1
878,197.5,265.5,3595,302,127,274.5,28,314.5,1
879,137.5,265.5,1422,302,86.5,274.5,27,74.5,0
880,197.5,147,6742,92,87.5,274.5,36,314.5,1
881,197.5,265.5,7814,302,87.5,274.5,38,74.5,1
882,197.5,265.5,9277,92,170,25.5,48,314.5,1
883,135,147,2181,92,127,274.5,36,314.5,1
884,197.5,147,1098,302,31.5,155.5,65,11.5,1
885,135,265.5,4057,302,87.5,25.5,43,314.5,0
886,137.5,265.5,795,302,86.5,155.5,53,314.5,0
887,135,147,2825,92,87.5,274.5,34,314.5,1
888,135,265.5,15672,302,170,274.5,23,314.5,0
889,197.5,147,6614,302,127,274.5,34,74.5,1
890,197.5,25,7824,92,86.5,274.5,40,314.5,1
891,137.5,147,2442,302,127,274.5,43,74.5,1
892,197.5,147,1829,302,127,274.5,46,314.5,1
893,137.5,147,2171,302,170,274.5,38,101.5,1
894,135,147,5800,302,170,274.5,34,314.5,1
895,197.5,147,1169,92,170,274.5,29,314.5,1
896,197.5,44.5,8947,92,87.5,274.5,31,74.5,1
897,137.5,265.5,2606,302,86.5,155.5,28,74.5,1
898,197.5,147,1592,24.5,87.5,155.5,35,314.5,1
899,197.5,265.5,2186,92,87.5,155.5,33,101.5,1
900,137.5,265.5,4153,302,170,274.5,42,314.5,0
901,137.5,147,2625,302,127,274.5,43,314.5,0
902,197.5,147,3485,92,86.5,25.5,44,314.5,1
903,197.5,147,10477,92,127,274.5,42,314.5,1
904,197.5,265.5,1386,92,170,46.5,40,314.5,1
905,197.5,265.5,1278,302,127,274.5,36,74.5,1
906,137.5,265.5,1107,302,170,274.5,20,74.5,1
907,137.5,265.5,3763,92,87.5,274.5,24,101.5,1
908,135,265.5,3711,92,170,46.5,27,314.5,1
909,197.5,44.5,3594,302,86.5,155.5,46,101.5,1
910,135,265.5,3195,92,170,155.5,33,101.5,1
911,197.5,44.5,4454,302,170,155.5,34,314.5,1
912,135,147,4736,302,86.5,155.5,25,101.5,0
913,135,265.5,2991,92,127,155.5,25,314.5,1
914,197.5,265.5,2142,24.5,127,25.5,28,314.5,1
915,137.5,25,3161,302,170,274.5,31,314.5,0
916,135,20.5,18424,302,170,155.5,32,74.5,0
917,197.5,265.5,2848,52,170,274.5,32,314.5,1
918,137.5,265.5,14896,302,127,274.5,68,74.5,0
919,137.5,265.5,2359,52,31.5,25.5,33,314.5,0
920,137.5,265.5,3345,302,127,274.5,39,74.5,0
921,197.5,147,1817,302,170,155.5,28,314.5,1
922,197.5,44.5,12749,32,87.5,274.5,37,74.5,1
923,137.5,265.5,1366,302,86.5,155.5,22,314.5,0
924,135,265.5,2002,302,87.5,274.5,30,314.5,1
925,137.5,25,6872,302,86.5,25.5,55,314.5,0
926,137.5,25,697,302,86.5,274.5,46,314.5,0
927,137.5,147,1049,302,86.5,155.5,21,314.5,1
928,137.5,265.5,10297,302,87.5,274.5,39,314.5,0
929,197.5,265.5,1867,92,127,274.5,58,314.5,1
930,137.5,44.5,1344,302,170,274.5,43,101.5,1
931,137.5,265.5,1747,302,86.5,274.5,24,101.5,1
932,135,265.5,1670,302,86.5,155.5,22,314.5,0
933,197.5,147,1224,302,170,274.5,30,314.5,1
934,197.5,147,522,32,127,274.5,42,314.5,1
935,137.5,265.5,1498,302,170,155.5,23,314.5,1
936,135,44.5,1919,52,86.5,274.5,30,74.5,0
937,32,265.5,745,302,170,155.5,28,101.5,0
938,135,265.5,2063,302,86.5,46.5,30,74.5,1
939,135,265.5,6288,302,170,274.5,42,314.5,0
940,197.5,147,6842,92,170,274.5,46,74.5,1
941,197.5,265.5,3527,92,86.5,274.5,45,74.5,1
942,197.5,265.5,1546,302,170,274.5,31,101.5,1
943,197.5,265.5,929,92,87.5,274.5,31,314.5,1
944,197.5,147,1455,302,87.5,274.5,42,101.5,1
945,137.5,265.5,1845,302,86.5,155.5,46,314.5,1
946,135,20.5,8358,32,86.5,155.5,30,314.5,1
947,137.5,25,3349,32,86.5,274.5,30,314.5,0
948,197.5,265.5,2859,92,31.5,274.5,38,74.5,1
949,197.5,265.5,1533,302,86.5,46.5,43,101.5,0
950,197.5,265.5,3621,52,127,274.5,31,314.5,0
951,135,147,3590,302,31.5,46.5,40,11.5,1
952,137.5,44.5,2145,302,87.5,274.5,24,314.5,0
953,135,265.5,4113,32,86.5,155.5,28,314.5,0
954,197.5,265.5,10974,302,31.5,155.5,26,74.5,0
955,137.5,265.5,1893,302,170,155.5,29,314.5,1
956,137.5,147,1231,24.5,127,155.5,57,74.5,1
957,32,147,3656,92,127,274.5,49,101.5,1
958,135,147,1154,302,127,274.5,37,101.5,1
959,137.5,265.5,4006,302,170,274.5,45,101.5,0
960,135,265.5,3069,52,127,274.5,30,314.5,1
961,197.5,147,1740,302,127,46.5,30,314.5,1
962,135,44.5,2353,302,170,25.5,47,314.5,1
963,197.5,265.5,3556,92,170,274.5,29,314.5,1
964,197.5,265.5,2397,32,127,274.5,35,314.5,0
965,135,265.5,454,302,86.5,46.5,22,101.5,1
966,135,265.5,1715,92,170,155.5,26,314.5,1
967,135,147,2520,32,170,274.5,23,101.5,0
968,197.5,265.5,3568,302,127,155.5,54,74.5,1
969,197.5,265.5,7166,92,87.5,46.5,29,314.5,1
970,137.5,147,3939,302,170,274.5,40,101.5,1
971,135,265.5,1514,52,170,274.5,22,314.5,1
972,197.5,265.5,7393,302,170,274.5,43,101.5,1
973,137.5,25,1193,302,31.5,155.5,29,11.5,0
974,137.5,265.5,7297,302,127,274.5,36,314.5,0
975,197.5,147,2831,302,170,155.5,33,314.5,1
976,32,265.5,1258,32,170,155.5,57,101.5,1
977,135,265.5,753,302,170,155.5,64,314.5,1
978,135,44.5,2427,92,127,274.5,42,314.5,1
979,197.5,44.5,2538,302,127,274.5,47,101.5,0
980,135,25,1264,52,170,46.5,25,314.5,0
981,135,147,8386,302,87.5,274.5,49,314.5,0
982,197.5,265.5,4844,302,31.5,274.5,33,74.5,0
983,32,265.5,2923,52,170,155.5,28,74.5,1
984,137.5,265.5,8229,302,170,274.5,26,314.5,0
985,197.5,147,2028,302,87.5,274.5,30,101.5,1
986,137.5,147,1433,302,170,155.5,25,314.5,1
987,32,20.5,6289,302,86.5,25.5,33,314.5,1
988,197.5,265.5,1409,52,31.5,155.5,64,314.5,1
989,137.5,265.5,6579,302,31.5,274.5,29,74.5,1
990,135,147,1743,302,127,274.5,48,101.5,1
991,197.5,147,3565,92,86.5,274.5,37,101.5,1
992,197.5,25,1569,52,127,274.5,34,101.5,1
993,137.5,265.5,1936,92,87.5,46.5,23,101.5,1
994,137.5,265.5,3959,302,31.5,274.5,30,74.5,1
995,197.5,265.5,2390,92,127,274.5,50,314.5,1
996,197.5,265.5,1736,302,87.5,155.5,31,101.5,1
997,137.5,265.5,3857,302,170,25.5,40,74.5,1
998,197.5,265.5,804,302,127,274.5,38,314.5,1
999,137.5,265.5,1845,302,170,274.5,23,314.5,0
1000,135,147,4576,52,31.5,274.5,27,314.5,1
